<metadata xml:lang="en"><Esri><CreaDate>20161116</CreaDate><CreaTime>11500400</CreaTime><ArcGISstyle>FGDC CSDGM Metadata</ArcGISstyle><SyncOnce>FALSE</SyncOnce><DataProperties><itemProps><itemLocation><linkage Sync="TRUE">file://\\mta60\CountyWide_Long_Range_Trans\Jobs3\Y16018_Board_Members_Districts\Shapefile\LACity_CntySup_Districts\City_of_LA</linkage><protocol Sync="TRUE">Local Area Network</protocol></itemLocation><itemName Sync="TRUE">City_of_LA</itemName><nativeExtBox><westBL Sync="TRUE">6359577.200017</westBL><eastBL Sync="TRUE">6514632.914839</eastBL><southBL Sync="TRUE">1714647.998475</southBL><northBL Sync="TRUE">1945515.520006</northBL><exTypeCode Sync="TRUE">1</exTypeCode></nativeExtBox><imsContentType Sync="TRUE">002</imsContentType><itemSize Sync="TRUE">0.418</itemSize></itemProps><copyHistory><copy source="P:\Jobs3\Y16018_Board_Members_Districts\Shapefile\City_of_LA" dest="\\mta60\CountyWide_Long_Range_Trans\Jobs3\Y16018_Board_Members_Districts\Shapefile\LACity_CntySup_Districts\City_of_LA" date="20161116" time="13582100"/></copyHistory><coordRef><type Sync="TRUE">Projected</type><geogcsn Sync="TRUE">GCS_North_American_1983</geogcsn><projcsn Sync="TRUE">NAD_1983_StatePlane_California_V_FIPS_0405_Feet</projcsn><peXml Sync="TRUE">&lt;ProjectedCoordinateSystem xsi:type='typens:ProjectedCoordinateSystem' xmlns:xsi='http://www.w3.org/2001/XMLSchema-instance' xmlns:xs='http://www.w3.org/2001/XMLSchema' xmlns:typens='http://www.esri.com/schemas/ArcGIS/10.4'&gt;&lt;WKT&gt;PROJCS[&amp;quot;NAD_1983_StatePlane_California_V_FIPS_0405_Feet&amp;quot;,GEOGCS[&amp;quot;GCS_North_American_1983&amp;quot;,DATUM[&amp;quot;D_North_American_1983&amp;quot;,SPHEROID[&amp;quot;GRS_1980&amp;quot;,6378137.0,298.257222101]],PRIMEM[&amp;quot;Greenwich&amp;quot;,0.0],UNIT[&amp;quot;Degree&amp;quot;,0.0174532925199433]],PROJECTION[&amp;quot;Lambert_Conformal_Conic&amp;quot;],PARAMETER[&amp;quot;False_Easting&amp;quot;,6561666.666666666],PARAMETER[&amp;quot;False_Northing&amp;quot;,1640416.666666667],PARAMETER[&amp;quot;Central_Meridian&amp;quot;,-118.0],PARAMETER[&amp;quot;Standard_Parallel_1&amp;quot;,34.03333333333333],PARAMETER[&amp;quot;Standard_Parallel_2&amp;quot;,35.46666666666667],PARAMETER[&amp;quot;Latitude_Of_Origin&amp;quot;,33.5],UNIT[&amp;quot;Foot_US&amp;quot;,0.3048006096012192],AUTHORITY[&amp;quot;EPSG&amp;quot;,2229]]&lt;/WKT&gt;&lt;XOrigin&gt;-117608900&lt;/XOrigin&gt;&lt;YOrigin&gt;-91881400&lt;/YOrigin&gt;&lt;XYScale&gt;36269466.692146368&lt;/XYScale&gt;&lt;ZOrigin&gt;-100000&lt;/ZOrigin&gt;&lt;ZScale&gt;10000&lt;/ZScale&gt;&lt;MOrigin&gt;-100000&lt;/MOrigin&gt;&lt;MScale&gt;10000&lt;/MScale&gt;&lt;XYTolerance&gt;0.0032808333333333331&lt;/XYTolerance&gt;&lt;ZTolerance&gt;0.001&lt;/ZTolerance&gt;&lt;MTolerance&gt;0.001&lt;/MTolerance&gt;&lt;HighPrecision&gt;true&lt;/HighPrecision&gt;&lt;WKID&gt;102645&lt;/WKID&gt;&lt;LatestWKID&gt;2229&lt;/LatestWKID&gt;&lt;/ProjectedCoordinateSystem&gt;</peXml><csUnits Sync="TRUE">Linear Unit: Foot_US (0.304801)</csUnits></coordRef><lineage><Process ToolSource="C:\Program Files\ArcGIS\Desktop10.0\ArcToolbox\Toolboxes\Conversion Tools.tbx\FeatureClassToFeatureClass" Date="20120723" Time="141121" Name="" export="">FeatureClassToFeatureClass C:\MyFiles\CityBoundary\city.shp C:\MyFiles\CityBoundary\CityWorkSpace.gdb\City City # "CITY "CITY" true true false 9 Long 0 9 ,First,#,C:\MyFiles\CityBoundary\city.shp,CITY,-1,-1;CITY_ID "CITY_ID" true true false 9 Long 0 9 ,First,#,C:\MyFiles\CityBoundary\city.shp,CITY_ID,-1,-1;CITY_TYPE "CITY_TYPE" true true false 25 Text 0 0 ,First,#,C:\MyFiles\CityBoundary\city.shp,CITY_TYPE,-1,-1;CITY_NAME "CITY_NAME" true true false 25 Text 0 0 ,First,#,C:\MyFiles\CityBoundary\city.shp,CITY_NAME,-1,-1;CITY_LABEL "CITY_LABEL" true true false 21 Text 0 0 ,First,#,C:\MyFiles\CityBoundary\city.shp,CITY_LABEL,-1,-1;COLOR_CODE "COLOR_CODE" true true false 4 Short 0 4 ,First,#,C:\MyFiles\CityBoundary\city.shp,COLOR_CODE,-1,-1;ABBR "ABBR" true true false 4 Text 0 0 ,First,#,C:\MyFiles\CityBoundary\city.shp,ABBR,-1,-1;CITY_NO "CITY_NO" true true false 3 Short 0 3 ,First,#,C:\MyFiles\CityBoundary\city.shp,CITY_NO,-1,-1;DESCRIPTN "DESCRIPTN" true true false 8 Text 0 0 ,First,#,C:\MyFiles\CityBoundary\city.shp,DESCRIPTN,-1,-1;URL "URL" true true false 50 Text 0 0 ,First,#,C:\MyFiles\CityBoundary\city.shp,URL,-1,-1;PHONE "PHONE" true true false 50 Text 0 0 ,First,#,C:\MyFiles\CityBoundary\city.shp,PHONE,-1,-1;OF_AREA_SM "OF_AREA_SM" true true false 9 Double 3 8 ,First,#,C:\MyFiles\CityBoundary\city.shp,OF_AREA_SM,-1,-1;FEAT_TYPE "FEAT_TYPE" true true false 16 Text 0 0 ,First,#,C:\MyFiles\CityBoundary\city.shp,FEAT_TYPE,-1,-1;COMMENT "COMMENT" true true false 50 Text 0 0 ,First,#,C:\MyFiles\CityBoundary\city.shp,COMMENT,-1,-1" #</Process><Process ToolSource="C:\Program Files\ArcGIS\Desktop10.0\ArcToolbox\Toolboxes\Data Management Tools.tbx\PolygonToLine" Date="20120725" Time="103822" Name="" export="">PolygonToLine C:\MyFiles\CityBoundary\CityWorkSpace.gdb\City\City C:\MyFiles\CityBoundary\CityWorkSpace.gdb\City\City_Line1 IGNORE_NEIGHBORS</Process><Process ToolSource="C:\Program Files\ArcGIS\Desktop10.0\ArcToolbox\Toolboxes\Data Management Tools.tbx\FeatureToPolygon" Date="20120725" Time="110547" Name="" export="">FeatureToPolygon C:\MyFiles\CityBoundary\CityWorkSpace.gdb\City\City_asLines C:\MyFiles\CityBoundary\CityWorkSpace.gdb\City\City_Poly1 # NO_ATTRIBUTES #</Process><Process ToolSource="C:\Program Files\ArcGIS\Desktop10.0\ArcToolbox\Toolboxes\Analysis Tools.tbx\SpatialJoin" Date="20120725" Time="111154" Name="" export="">SpatialJoin C:\MyFiles\CityBoundary\CityWorkSpace.gdb\City\City_Poly1 C:\MyFiles\CityBoundary\CityWorkSpace.gdb\City\City_asPoints C:\MyFiles\CityBoundary\CityWorkSpace.gdb\City\City_Poly2 JOIN_ONE_TO_ONE KEEP_ALL "Shape_Length "Shape_Length" false true true 8 Double 0 0 ,First,#,C:\MyFiles\CityBoundary\CityWorkSpace.gdb\City\City_Poly1,Shape_Length,-1,-1;Shape_Area "Shape_Area" false true true 8 Double 0 0 ,First,#,C:\MyFiles\CityBoundary\CityWorkSpace.gdb\City\City_Poly1,Shape_Area,-1,-1;CITY "CITY" true true false 4 Long 0 0 ,First,#,C:\MyFiles\CityBoundary\CityWorkSpace.gdb\City\City_asPoints,CITY,-1,-1;CITY_ID "CITY_ID" true true false 4 Long 0 0 ,First,#,C:\MyFiles\CityBoundary\CityWorkSpace.gdb\City\City_asPoints,CITY_ID,-1,-1;CITY_TYPE "CITY_TYPE" true true false 25 Text 0 0 ,First,#,C:\MyFiles\CityBoundary\CityWorkSpace.gdb\City\City_asPoints,CITY_TYPE,-1,-1;CITY_NAME "CITY_NAME" true true false 25 Text 0 0 ,First,#,C:\MyFiles\CityBoundary\CityWorkSpace.gdb\City\City_asPoints,CITY_NAME,-1,-1;CITY_LABEL "CITY_LABEL" true true false 21 Text 0 0 ,First,#,C:\MyFiles\CityBoundary\CityWorkSpace.gdb\City\City_asPoints,CITY_LABEL,-1,-1;COLOR_CODE "COLOR_CODE" true true false 2 Short 0 0 ,First,#,C:\MyFiles\CityBoundary\CityWorkSpace.gdb\City\City_asPoints,COLOR_CODE,-1,-1;ABBR "ABBR" true true false 4 Text 0 0 ,First,#,C:\MyFiles\CityBoundary\CityWorkSpace.gdb\City\City_asPoints,ABBR,-1,-1;CITY_NO "CITY_NO" true true false 2 Short 0 0 ,First,#,C:\MyFiles\CityBoundary\CityWorkSpace.gdb\City\City_asPoints,CITY_NO,-1,-1;DESCRIPTN "DESCRIPTN" true true false 8 Text 0 0 ,First,#,C:\MyFiles\CityBoundary\CityWorkSpace.gdb\City\City_asPoints,DESCRIPTN,-1,-1;URL "URL" true true false 50 Text 0 0 ,First,#,C:\MyFiles\CityBoundary\CityWorkSpace.gdb\City\City_asPoints,URL,-1,-1;PHONE "PHONE" true true false 50 Text 0 0 ,First,#,C:\MyFiles\CityBoundary\CityWorkSpace.gdb\City\City_asPoints,PHONE,-1,-1;OF_AREA_SM "OF_AREA_SM" true true false 8 Double 0 0 ,First,#,C:\MyFiles\CityBoundary\CityWorkSpace.gdb\City\City_asPoints,OF_AREA_SM,-1,-1;FEAT_TYPE "FEAT_TYPE" true true false 16 Text 0 0 ,First,#,C:\MyFiles\CityBoundary\CityWorkSpace.gdb\City\City_asPoints,FEAT_TYPE,-1,-1;COMMENT "COMMENT" true true false 50 Text 0 0 ,First,#,C:\MyFiles\CityBoundary\CityWorkSpace.gdb\City\City_asPoints,COMMENT,-1,-1;ORIG_FID "ORIG_FID" true true false 4 Long 0 0 ,First,#,C:\MyFiles\CityBoundary\CityWorkSpace.gdb\City\City_asPoints,ORIG_FID,-1,-1" CONTAINS # #</Process><Process ToolSource="C:\Program Files\ArcGIS\Desktop10.0\ArcToolbox\Toolboxes\Data Management Tools.tbx\CalculateField" Date="20120725" Time="124802" Name="" export="">CalculateField "City_Poly2 Slivers" Work1 1103 VB #</Process><Process ToolSource="C:\Program Files\ArcGIS\Desktop10.0\ArcToolbox\Toolboxes\Data Management Tools.tbx\CalculateField" Date="20120725" Time="125201" Name="" export="">CalculateField City_Poly2 Work1 [OBJECTID] VB #</Process><Process ToolSource="C:\Program Files\ArcGIS\Desktop10.0\ArcToolbox\Toolboxes\Data Management Tools.tbx\CalculateField" Date="20120725" Time="134701" Name="" export="">CalculateField "City_Poly2 Slivers" Work1 1050 VB #</Process><Process ToolSource="C:\Program Files\ArcGIS\Desktop10.0\ArcToolbox\Toolboxes\Data Management Tools.tbx\CalculateField" Date="20120725" Time="135224" Name="" export="">CalculateField "City_Poly2 Slivers" Work1 1049 VB #</Process><Process ToolSource="C:\Program Files\ArcGIS\Desktop10.0\ArcToolbox\Toolboxes\Data Management Tools.tbx\CalculateField" Date="20120725" Time="135501" Name="" export="">CalculateField "City_Poly2 Slivers" Work1 1049 VB #</Process><Process ToolSource="C:\Program Files\ArcGIS\Desktop10.0\ArcToolbox\Toolboxes\Data Management Tools.tbx\CalculateField" Date="20120725" Time="135627" Name="" export="">CalculateField "City_Poly2 Slivers" Work1 1049 VB #</Process><Process ToolSource="C:\Program Files\ArcGIS\Desktop10.0\ArcToolbox\Toolboxes\Data Management Tools.tbx\CalculateField" Date="20120725" Time="140159" Name="" export="">CalculateField "City_Poly2 Slivers" Work1 1066 VB #</Process><Process ToolSource="C:\Program Files\ArcGIS\Desktop10.0\ArcToolbox\Toolboxes\Data Management Tools.tbx\CalculateField" Date="20120725" Time="145840" Name="" export="">CalculateField City_Poly2 Work1 1123 VB #</Process><Process ToolSource="C:\Program Files\ArcGIS\Desktop10.0\ArcToolbox\Toolboxes\Data Management Tools.tbx\CalculateField" Date="20120725" Time="145935" Name="" export="">CalculateField City_Poly2 Work1 1123 VB #</Process><Process ToolSource="C:\Program Files\ArcGIS\Desktop10.0\ArcToolbox\Toolboxes\Data Management Tools.tbx\CalculateField" Date="20120725" Time="153941" Name="" export="">CalculateField City_Poly2 Work1 1076 VB #</Process><Process ToolSource="C:\Program Files\ArcGIS\Desktop10.0\ArcToolbox\Toolboxes\Data Management Tools.tbx\CalculateField" Date="20120725" Time="154500" Name="" export="">CalculateField City_Poly2 Work1 1011 VB #</Process><Process ToolSource="C:\Program Files\ArcGIS\Desktop10.0\ArcToolbox\Toolboxes\Data Management Tools.tbx\CalculateField" Date="20120725" Time="154819" Name="" export="">CalculateField City_Poly2 Work1 1075 VB #</Process><Process ToolSource="C:\Program Files\ArcGIS\Desktop10.0\ArcToolbox\Toolboxes\Data Management Tools.tbx\CalculateField" Date="20120725" Time="155435" Name="" export="">CalculateField City_Poly2 Work1 1103 VB #</Process><Process ToolSource="C:\Program Files\ArcGIS\Desktop10.0\ArcToolbox\Toolboxes\Data Management Tools.tbx\CalculateField" Date="20120725" Time="155938" Name="" export="">CalculateField City_Poly2 Work1 914 VB #</Process><Process ToolSource="C:\Program Files\ArcGIS\Desktop10.0\ArcToolbox\Toolboxes\Data Management Tools.tbx\CalculateField" Date="20120725" Time="160446" Name="" export="">CalculateField City_Poly2 Work1 914 VB #</Process><Process ToolSource="C:\Program Files\ArcGIS\Desktop10.0\ArcToolbox\Toolboxes\Data Management Tools.tbx\CalculateField" Date="20120725" Time="160529" Name="" export="">CalculateField City_Poly2 Work1 914 VB #</Process><Process ToolSource="C:\Program Files\ArcGIS\Desktop10.0\ArcToolbox\Toolboxes\Data Management Tools.tbx\CalculateField" Date="20120725" Time="160739" Name="" export="">CalculateField City_Poly2 Work1 1103 VB #</Process><Process ToolSource="C:\Program Files\ArcGIS\Desktop10.0\ArcToolbox\Toolboxes\Data Management Tools.tbx\CalculateField" Date="20120725" Time="163847" Name="" export="">CalculateField City_Poly2 Work1 736 VB #</Process><Process ToolSource="C:\Program Files\ArcGIS\Desktop10.0\ArcToolbox\Toolboxes\Data Management Tools.tbx\CalculateField" Date="20120725" Time="164106" Name="" export="">CalculateField City_Poly2 Work1 1103 VB #</Process><Process ToolSource="C:\Program Files\ArcGIS\Desktop10.0\ArcToolbox\Toolboxes\Data Management Tools.tbx\CalculateField" Date="20120725" Time="164201" Name="" export="">CalculateField City_Poly2 Work1 1103 VB #</Process><Process ToolSource="C:\Program Files\ArcGIS\Desktop10.0\ArcToolbox\Toolboxes\Data Management Tools.tbx\CalculateField" Date="20120725" Time="164507" Name="" export="">CalculateField City_Poly2 Work1 1103 VB #</Process><Process ToolSource="C:\Program Files\ArcGIS\Desktop10.0\ArcToolbox\Toolboxes\Data Management Tools.tbx\CalculateField" Date="20120726" Time="062826" Name="" export="">CalculateField City_Poly2 Work1 776 VB #</Process><Process ToolSource="C:\Program Files\ArcGIS\Desktop10.0\ArcToolbox\Toolboxes\Data Management Tools.tbx\CalculateField" Date="20120726" Time="063045" Name="" export="">CalculateField City_Poly2 Work1 1103 VB #</Process><Process ToolSource="C:\Program Files\ArcGIS\Desktop10.0\ArcToolbox\Toolboxes\Data Management Tools.tbx\CalculateField" Date="20120726" Time="063806" Name="" export="">CalculateField City_Poly2 Work1 776 VB #</Process><Process ToolSource="C:\Program Files\ArcGIS\Desktop10.0\ArcToolbox\Toolboxes\Data Management Tools.tbx\CalculateField" Date="20120726" Time="064304" Name="" export="">CalculateField City_Poly2 Work1 1103 VB #</Process><Process ToolSource="C:\Program Files\ArcGIS\Desktop10.0\ArcToolbox\Toolboxes\Data Management Tools.tbx\CalculateField" Date="20120726" Time="064909" Name="" export="">CalculateField City_Poly2 Work1 728 VB #</Process><Process ToolSource="C:\Program Files\ArcGIS\Desktop10.0\ArcToolbox\Toolboxes\Data Management Tools.tbx\CalculateField" Date="20120726" Time="073406" Name="" export="">CalculateField City_Poly2 Work1 [OBJECTID] VB #</Process><Process ToolSource="C:\Program Files\ArcGIS\Desktop10.0\ArcToolbox\Toolboxes\Data Management Tools.tbx\CalculateField" Date="20120726" Time="075543" Name="" export="">CalculateField City_Poly2 Work1 1103 VB #</Process><Process ToolSource="C:\Program Files\ArcGIS\Desktop10.0\ArcToolbox\Toolboxes\Data Management Tools.tbx\CalculateField" Date="20120726" Time="082823" Name="" export="">CalculateField City_Poly2 Work1 244 VB #</Process><Process ToolSource="C:\Program Files\ArcGIS\Desktop10.0\ArcToolbox\Toolboxes\Data Management Tools.tbx\CalculateField" Date="20120726" Time="085507" Name="" export="">CalculateField City_Poly2 Work1 380 VB #</Process><Process ToolSource="C:\Program Files\ArcGIS\Desktop10.0\ArcToolbox\Toolboxes\Data Management Tools.tbx\CalculateField" Date="20120726" Time="092503" Name="" export="">CalculateField City_Poly2 Work1 380 VB #</Process><Process ToolSource="C:\Program Files\ArcGIS\Desktop10.0\ArcToolbox\Toolboxes\Data Management Tools.tbx\CalculateField" Date="20120726" Time="093343" Name="" export="">CalculateField City_Poly2 Work1 363 VB #</Process><Process ToolSource="C:\Program Files\ArcGIS\Desktop10.0\ArcToolbox\Toolboxes\Data Management Tools.tbx\CalculateField" Date="20120726" Time="095500" Name="" export="">CalculateField City_Poly2 Work1 366 VB #</Process><Process ToolSource="C:\Program Files\ArcGIS\Desktop10.0\ArcToolbox\Toolboxes\Data Management Tools.tbx\CalculateField" Date="20120726" Time="095653" Name="" export="">CalculateField City_Poly2 Work1 382 VB #</Process><Process ToolSource="C:\Program Files\ArcGIS\Desktop10.0\ArcToolbox\Toolboxes\Data Management Tools.tbx\CalculateField" Date="20120726" Time="100019" Name="" export="">CalculateField City_Poly2 Work1 1103 VB #</Process><Process ToolSource="C:\Program Files\ArcGIS\Desktop10.0\ArcToolbox\Toolboxes\Data Management Tools.tbx\CalculateField" Date="20120726" Time="102821" Name="" export="">CalculateField City_Poly2 Work1 1103 VB #</Process><Process ToolSource="C:\Program Files\ArcGIS\Desktop10.0\ArcToolbox\Toolboxes\Data Management Tools.tbx\CalculateField" Date="20120726" Time="103348" Name="" export="">CalculateField City_Poly2 Work1 33 VB #</Process><Process ToolSource="C:\Program Files\ArcGIS\Desktop10.0\ArcToolbox\Toolboxes\Data Management Tools.tbx\CalculateField" Date="20120726" Time="125325" Name="" export="">CalculateField City_Poly2 Work1 228 VB #</Process><Process Name="Dissolve" ToolSource="C:\Program Files\ArcGIS\Desktop10.0\ArcToolbox\Toolboxes\Data Management Tools.tbx\Dissolve" Date="20120726" Time="133239" export="">Dissolve C:\MyFiles\CityBoundary\CityWorkSpace.gdb\City\City_Poly2 C:\MyFiles\CityBoundary\CityWorkSpace.gdb\City\City_Poly3 Work1 # MULTI_PART DISSOLVE_LINES</Process><Process Name="Spatial Join" ToolSource="C:\Program Files\ArcGIS\Desktop10.0\ArcToolbox\Toolboxes\Analysis Tools.tbx\SpatialJoin" Date="20120726" Time="142222" export="">SpatialJoin C:\MyFiles\CityBoundary\CityWorkSpace.gdb\City\City_Poly3 C:\MyFiles\CityBoundary\CityWorkSpace.gdb\City\City_asPoints C:\MyFiles\CityBoundary\CityWorkSpace.gdb\City\City_Poly_5 JOIN_ONE_TO_ONE KEEP_ALL "Work1 "Work1" true true false 2 Short 0 0 ,First,#,C:\MyFiles\CityBoundary\CityWorkSpace.gdb\City\City_Poly3,Work1,-1,-1;Shape_Length "Shape_Length" false true true 8 Double 0 0 ,First,#,C:\MyFiles\CityBoundary\CityWorkSpace.gdb\City\City_Poly3,Shape_Length,-1,-1;Shape_Area "Shape_Area" false true true 8 Double 0 0 ,First,#,C:\MyFiles\CityBoundary\CityWorkSpace.gdb\City\City_Poly3,Shape_Area,-1,-1;CITY "CITY" true true false 4 Long 0 0 ,First,#,C:\MyFiles\CityBoundary\CityWorkSpace.gdb\City\City_asPoints,CITY,-1,-1;CITY_ID "CITY_ID" true true false 4 Long 0 0 ,First,#,C:\MyFiles\CityBoundary\CityWorkSpace.gdb\City\City_asPoints,CITY_ID,-1,-1;CITY_TYPE "CITY_TYPE" true true false 25 Text 0 0 ,First,#,C:\MyFiles\CityBoundary\CityWorkSpace.gdb\City\City_asPoints,CITY_TYPE,-1,-1;CITY_NAME "CITY_NAME" true true false 25 Text 0 0 ,First,#,C:\MyFiles\CityBoundary\CityWorkSpace.gdb\City\City_asPoints,CITY_NAME,-1,-1;CITY_LABEL "CITY_LABEL" true true false 21 Text 0 0 ,First,#,C:\MyFiles\CityBoundary\CityWorkSpace.gdb\City\City_asPoints,CITY_LABEL,-1,-1;COLOR_CODE "COLOR_CODE" true true false 2 Short 0 0 ,First,#,C:\MyFiles\CityBoundary\CityWorkSpace.gdb\City\City_asPoints,COLOR_CODE,-1,-1;ABBR "ABBR" true true false 4 Text 0 0 ,First,#,C:\MyFiles\CityBoundary\CityWorkSpace.gdb\City\City_asPoints,ABBR,-1,-1;CITY_NO "CITY_NO" true true false 2 Short 0 0 ,First,#,C:\MyFiles\CityBoundary\CityWorkSpace.gdb\City\City_asPoints,CITY_NO,-1,-1;DESCRIPTN "DESCRIPTN" true true false 8 Text 0 0 ,First,#,C:\MyFiles\CityBoundary\CityWorkSpace.gdb\City\City_asPoints,DESCRIPTN,-1,-1;URL "URL" true true false 50 Text 0 0 ,First,#,C:\MyFiles\CityBoundary\CityWorkSpace.gdb\City\City_asPoints,URL,-1,-1;PHONE "PHONE" true true false 50 Text 0 0 ,First,#,C:\MyFiles\CityBoundary\CityWorkSpace.gdb\City\City_asPoints,PHONE,-1,-1;OF_AREA_SM "OF_AREA_SM" true true false 8 Double 0 0 ,First,#,C:\MyFiles\CityBoundary\CityWorkSpace.gdb\City\City_asPoints,OF_AREA_SM,-1,-1;FEAT_TYPE "FEAT_TYPE" true true false 16 Text 0 0 ,First,#,C:\MyFiles\CityBoundary\CityWorkSpace.gdb\City\City_asPoints,FEAT_TYPE,-1,-1;COMMENT "COMMENT" true true false 50 Text 0 0 ,First,#,C:\MyFiles\CityBoundary\CityWorkSpace.gdb\City\City_asPoints,COMMENT,-1,-1;ORIG_FID "ORIG_FID" true true false 4 Long 0 0 ,First,#,C:\MyFiles\CityBoundary\CityWorkSpace.gdb\City\City_asPoints,ORIG_FID,-1,-1" CONTAINS # #</Process><Process ToolSource="C:\Program Files\ArcGIS\Desktop10.0\ArcToolbox\Toolboxes\Conversion Tools.tbx\FeatureClassToFeatureClass" Date="20120802" Time="134246" Name="" export="">FeatureClassToFeatureClass C:\MyFiles\test\city\Cities.shp "Database Connections\ISD landbase production DPW.sde\landbase.DPW.Lines" City_Boundaries # "OBJECTID "OBJECTID" true true false 9 Long 0 9 ,First,#,C:\MyFiles\test\city\Cities.shp,OBJECTID,-1,-1;CITY "CITY" true true false 9 Long 0 9 ,First,#,C:\MyFiles\test\city\Cities.shp,CITY,-1,-1;CITY_ID "CITY_ID" true true false 9 Long 0 9 ,First,#,C:\MyFiles\test\city\Cities.shp,CITY_ID,-1,-1;CITY_TYPE "CITY_TYPE" true true false 25 Text 0 0 ,First,#,C:\MyFiles\test\city\Cities.shp,CITY_TYPE,-1,-1;CITY_NAME "CITY_NAME" true true false 25 Text 0 0 ,First,#,C:\MyFiles\test\city\Cities.shp,CITY_NAME,-1,-1;CITY_LABEL "CITY_LABEL" true true false 21 Text 0 0 ,First,#,C:\MyFiles\test\city\Cities.shp,CITY_LABEL,-1,-1;COLOR_CODE "COLOR_CODE" true true false 4 Short 0 4 ,First,#,C:\MyFiles\test\city\Cities.shp,COLOR_CODE,-1,-1;ABBR "ABBR" true true false 4 Text 0 0 ,First,#,C:\MyFiles\test\city\Cities.shp,ABBR,-1,-1;CITY_NO "CITY_NO" true true false 4 Short 0 4 ,First,#,C:\MyFiles\test\city\Cities.shp,CITY_NO,-1,-1;DESCRIPTN "DESCRIPTN" true true false 8 Text 0 0 ,First,#,C:\MyFiles\test\city\Cities.shp,DESCRIPTN,-1,-1;URL "URL" true true false 50 Text 0 0 ,First,#,C:\MyFiles\test\city\Cities.shp,URL,-1,-1;PHONE "PHONE" true true false 50 Text 0 0 ,First,#,C:\MyFiles\test\city\Cities.shp,PHONE,-1,-1;OF_AREA_SM "OF_AREA_SM" true true false 19 Double 0 0 ,First,#,C:\MyFiles\test\city\Cities.shp,OF_AREA_SM,-1,-1;FEAT_TYPE "FEAT_TYPE" true true false 16 Text 0 0 ,First,#,C:\MyFiles\test\city\Cities.shp,FEAT_TYPE,-1,-1;COMMENT "COMMENT" true true false 50 Text 0 0 ,First,#,C:\MyFiles\test\city\Cities.shp,COMMENT,-1,-1" #</Process><Process ToolSource="c:\program files\arcgis\desktop10.1\ArcToolbox\Toolboxes\Conversion Tools.tbx\FeatureClassToFeatureClass" Date="20130722" Time="091559" Name="" export="">FeatureClassToFeatureClass "Database Connections\10.48.150.252_landbase_jh.sde\landbase.DPW.Lines\landbase.DPW.City_Boundaries" C:\MyFiles\CityUpdates\LocalTemp\Local.gdb\Data City_Boundaries # "CITY "CITY" true true false 4 Long 0 10 ,First,#,Database Connections\10.48.150.252_landbase_jh.sde\landbase.DPW.Lines\landbase.DPW.City_Boundaries,CITY,-1,-1;CITY_ID "CITY_ID" true true false 4 Long 0 10 ,First,#,Database Connections\10.48.150.252_landbase_jh.sde\landbase.DPW.Lines\landbase.DPW.City_Boundaries,CITY_ID,-1,-1;CITY_TYPE "CITY_TYPE" true true false 25 Text 0 0 ,First,#,Database Connections\10.48.150.252_landbase_jh.sde\landbase.DPW.Lines\landbase.DPW.City_Boundaries,CITY_TYPE,-1,-1;CITY_NAME "CITY_NAME" true true false 25 Text 0 0 ,First,#,Database Connections\10.48.150.252_landbase_jh.sde\landbase.DPW.Lines\landbase.DPW.City_Boundaries,CITY_NAME,-1,-1;CITY_LABEL "CITY_LABEL" true true false 21 Text 0 0 ,First,#,Database Connections\10.48.150.252_landbase_jh.sde\landbase.DPW.Lines\landbase.DPW.City_Boundaries,CITY_LABEL,-1,-1;COLOR_CODE "COLOR_CODE" true true false 2 Short 0 5 ,First,#,Database Connections\10.48.150.252_landbase_jh.sde\landbase.DPW.Lines\landbase.DPW.City_Boundaries,COLOR_CODE,-1,-1;ABBR "ABBR" true true false 4 Text 0 0 ,First,#,Database Connections\10.48.150.252_landbase_jh.sde\landbase.DPW.Lines\landbase.DPW.City_Boundaries,ABBR,-1,-1;CITY_NO "CITY_NO" true true false 2 Short 0 5 ,First,#,Database Connections\10.48.150.252_landbase_jh.sde\landbase.DPW.Lines\landbase.DPW.City_Boundaries,CITY_NO,-1,-1;DESCRIPTN "DESCRIPTN" true true false 8 Text 0 0 ,First,#,Database Connections\10.48.150.252_landbase_jh.sde\landbase.DPW.Lines\landbase.DPW.City_Boundaries,DESCRIPTN,-1,-1;URL "URL" true true false 50 Text 0 0 ,First,#,Database Connections\10.48.150.252_landbase_jh.sde\landbase.DPW.Lines\landbase.DPW.City_Boundaries,URL,-1,-1;PHONE "PHONE" true true false 50 Text 0 0 ,First,#,Database Connections\10.48.150.252_landbase_jh.sde\landbase.DPW.Lines\landbase.DPW.City_Boundaries,PHONE,-1,-1;OF_AREA_SM "OF_AREA_SM" true true false 8 Double 8 38 ,First,#,Database Connections\10.48.150.252_landbase_jh.sde\landbase.DPW.Lines\landbase.DPW.City_Boundaries,OF_AREA_SM,-1,-1;FEAT_TYPE "FEAT_TYPE" true true false 16 Text 0 0 ,First,#,Database Connections\10.48.150.252_landbase_jh.sde\landbase.DPW.Lines\landbase.DPW.City_Boundaries,FEAT_TYPE,-1,-1;COMMENT "COMMENT" true true false 50 Text 0 0 ,First,#,Database Connections\10.48.150.252_landbase_jh.sde\landbase.DPW.Lines\landbase.DPW.City_Boundaries,COMMENT,-1,-1;SUB_TYPE "SUB_TYPE" true true false 2 Short 0 5 ,First,#,Database Connections\10.48.150.252_landbase_jh.sde\landbase.DPW.Lines\landbase.DPW.City_Boundaries,SUB_TYPE,-1,-1;COLOR "COLOR" true true false 16 Text 0 0 ,First,#,Database Connections\10.48.150.252_landbase_jh.sde\landbase.DPW.Lines\landbase.DPW.City_Boundaries,COLOR,-1,-1;GlobalID "GlobalID" false false true 38 GlobalID 0 0 ,First,#,Database Connections\10.48.150.252_landbase_jh.sde\landbase.DPW.Lines\landbase.DPW.City_Boundaries,GlobalID,-1,-1;Shape_area "Shape_area" false false true 0 Double 0 0 ,First,#,Database Connections\10.48.150.252_landbase_jh.sde\landbase.DPW.Lines\landbase.DPW.City_Boundaries,Shape.area,-1,-1;Shape_len "Shape_len" false false true 0 Double 0 0 ,First,#,Database Connections\10.48.150.252_landbase_jh.sde\landbase.DPW.Lines\landbase.DPW.City_Boundaries,Shape.len,-1,-1" #</Process><Process ToolSource="c:\program files\arcgis\desktop10.1\ArcToolbox\Toolboxes\Conversion Tools.tbx\FeatureClassToFeatureClass" Date="20130725" Time="163333" Name="" export="">FeatureClassToFeatureClass "Database Connections\ISD landbase production.sde\landbase.DPW.City\landbase.DPW.City_Boundaries_1" "Database Connections\ISD landbase production.sde\landbase.DPW.City10" City_Boundaries # "CITY "CITY" true true false 4 Long 0 10 ,First,#,Database Connections\ISD landbase production.sde\landbase.DPW.City\landbase.DPW.City_Boundaries_1,CITY,-1,-1;CITY_ID "CITY_ID" true true false 4 Long 0 10 ,First,#,Database Connections\ISD landbase production.sde\landbase.DPW.City\landbase.DPW.City_Boundaries_1,CITY_ID,-1,-1;CITY_TYPE "CITY_TYPE" true true false 25 Text 0 0 ,First,#,Database Connections\ISD landbase production.sde\landbase.DPW.City\landbase.DPW.City_Boundaries_1,CITY_TYPE,-1,-1;CITY_NAME "CITY_NAME" true true false 25 Text 0 0 ,First,#,Database Connections\ISD landbase production.sde\landbase.DPW.City\landbase.DPW.City_Boundaries_1,CITY_NAME,-1,-1;CITY_LABEL "CITY_LABEL" true true false 21 Text 0 0 ,First,#,Database Connections\ISD landbase production.sde\landbase.DPW.City\landbase.DPW.City_Boundaries_1,CITY_LABEL,-1,-1;COLOR_CODE "COLOR_CODE" true true false 2 Short 0 5 ,First,#,Database Connections\ISD landbase production.sde\landbase.DPW.City\landbase.DPW.City_Boundaries_1,COLOR_CODE,-1,-1;ABBR "ABBR" true true false 4 Text 0 0 ,First,#,Database Connections\ISD landbase production.sde\landbase.DPW.City\landbase.DPW.City_Boundaries_1,ABBR,-1,-1;CITY_NO "CITY_NO" true true false 2 Short 0 5 ,First,#,Database Connections\ISD landbase production.sde\landbase.DPW.City\landbase.DPW.City_Boundaries_1,CITY_NO,-1,-1;DESCRIPTN "DESCRIPTN" true true false 8 Text 0 0 ,First,#,Database Connections\ISD landbase production.sde\landbase.DPW.City\landbase.DPW.City_Boundaries_1,DESCRIPTN,-1,-1;URL "URL" true true false 50 Text 0 0 ,First,#,Database Connections\ISD landbase production.sde\landbase.DPW.City\landbase.DPW.City_Boundaries_1,URL,-1,-1;PHONE "PHONE" true true false 50 Text 0 0 ,First,#,Database Connections\ISD landbase production.sde\landbase.DPW.City\landbase.DPW.City_Boundaries_1,PHONE,-1,-1;OF_AREA_SM "OF_AREA_SM" true true false 8 Double 8 38 ,First,#,Database Connections\ISD landbase production.sde\landbase.DPW.City\landbase.DPW.City_Boundaries_1,OF_AREA_SM,-1,-1;FEAT_TYPE "FEAT_TYPE" true true false 16 Text 0 0 ,First,#,Database Connections\ISD landbase production.sde\landbase.DPW.City\landbase.DPW.City_Boundaries_1,FEAT_TYPE,-1,-1;COMMENT "COMMENT" true true false 50 Text 0 0 ,First,#,Database Connections\ISD landbase production.sde\landbase.DPW.City\landbase.DPW.City_Boundaries_1,COMMENT,-1,-1;SUB_TYPE "SUB_TYPE" true true false 2 Short 0 5 ,First,#,Database Connections\ISD landbase production.sde\landbase.DPW.City\landbase.DPW.City_Boundaries_1,SUB_TYPE,-1,-1;COLOR "COLOR" true true false 16 Text 0 0 ,First,#,Database Connections\ISD landbase production.sde\landbase.DPW.City\landbase.DPW.City_Boundaries_1,COLOR,-1,-1;GlobalID "GlobalID" false false false 38 GlobalID 0 0 ,First,#,Database Connections\ISD landbase production.sde\landbase.DPW.City\landbase.DPW.City_Boundaries_1,GlobalID,-1,-1;created_user "created_user" false true false 255 Text 0 0 ,First,#,Database Connections\ISD landbase production.sde\landbase.DPW.City\landbase.DPW.City_Boundaries_1,created_user,-1,-1;created_date "created_date" false true false 36 Date 0 0 ,First,#,Database Connections\ISD landbase production.sde\landbase.DPW.City\landbase.DPW.City_Boundaries_1,created_date,-1,-1;last_edited_user "last_edited_user" false true false 255 Text 0 0 ,First,#,Database Connections\ISD landbase production.sde\landbase.DPW.City\landbase.DPW.City_Boundaries_1,last_edited_user,-1,-1;last_edited_date "last_edited_date" false true false 36 Date 0 0 ,First,#,Database Connections\ISD landbase production.sde\landbase.DPW.City\landbase.DPW.City_Boundaries_1,last_edited_date,-1,-1;Shape_area "Shape_area" false false true 0 Double 0 0 ,First,#,Database Connections\ISD landbase production.sde\landbase.DPW.City\landbase.DPW.City_Boundaries_1,Shape.area,-1,-1;Shape_len "Shape_len" false false true 0 Double 0 0 ,First,#,Database Connections\ISD landbase production.sde\landbase.DPW.City\landbase.DPW.City_Boundaries_1,Shape.len,-1,-1" #</Process><Process ToolSource="c:\program files\arcgis\desktop10.1\ArcToolbox\Toolboxes\Data Management Tools.tbx\CalculateField" Date="20130924" Time="063421" Name="" export="">CalculateField landbase.DPW.City_Boundaries URL "http://www.lacity.org" VB #</Process><Process ToolSource="c:\program files\arcgis\desktop10.1\ArcToolbox\Toolboxes\Data Management Tools.tbx\CalculateField" Date="20140211" Time="154530" Name="" export="">CalculateField landbase.DPW.City_Boundaries CITY_LABEL "UnicorP" VB #</Process><Process ToolSource="c:\program files\arcgis\desktop10.1\ArcToolbox\Toolboxes\Data Management Tools.tbx\CalculateField" Date="20140211" Time="154547" Name="" export="">CalculateField landbase.DPW.City_Boundaries CITY_LABEL "Unicorp" VB #</Process><Process ToolSource="c:\program files\arcgis\desktop10.1\ArcToolbox\Toolboxes\Data Management Tools.tbx\CalculateField" Date="20140211" Time="155402" Name="" export="">CalculateField landbase.DPW.City_Boundaries CITY_LABEL "CO" VB #</Process><Process ToolSource="c:\program files\arcgis\desktop10.1\ArcToolbox\Toolboxes\Data Management Tools.tbx\CalculateField" Date="20141022" Time="150055" Name="" export="">CalculateField landbase.DPW.City_Boundaries CITY 250 VB #</Process><Process ToolSource="c:\program files\arcgis\desktop10.1\ArcToolbox\Toolboxes\Data Management Tools.tbx\CalculateField" Date="20141022" Time="150114" Name="" export="">CalculateField landbase.DPW.City_Boundaries CITY_ID 31 VB #</Process><Process ToolSource="c:\program files\arcgis\desktop10.1\ArcToolbox\Toolboxes\Data Management Tools.tbx\CalculateField" Date="20141022" Time="150127" Name="" export="">CalculateField landbase.DPW.City_Boundaries CITY_TYPE "Unincorporated" VB #</Process><Process ToolSource="c:\program files\arcgis\desktop10.1\ArcToolbox\Toolboxes\Data Management Tools.tbx\CalculateField" Date="20141022" Time="150133" Name="" export="">CalculateField landbase.DPW.City_Boundaries CITY_NAME "Unincorporated" VB #</Process><Process ToolSource="c:\program files\arcgis\desktop10.1\ArcToolbox\Toolboxes\Data Management Tools.tbx\CalculateField" Date="20141022" Time="150144" Name="" export="">CalculateField landbase.DPW.City_Boundaries CITY_LABEL "CO" VB #</Process><Process ToolSource="c:\program files\arcgis\desktop10.1\ArcToolbox\Toolboxes\Data Management Tools.tbx\CalculateField" Date="20141022" Time="150151" Name="" export="">CalculateField landbase.DPW.City_Boundaries COLOR_CODE 1 VB #</Process><Process ToolSource="c:\program files\arcgis\desktop10.1\ArcToolbox\Toolboxes\Data Management Tools.tbx\CalculateField" Date="20141022" Time="150204" Name="" export="">CalculateField landbase.DPW.City_Boundaries ABBR "UNIN" VB #</Process><Process ToolSource="c:\program files\arcgis\desktop10.1\ArcToolbox\Toolboxes\Data Management Tools.tbx\CalculateField" Date="20141022" Time="150212" Name="" export="">CalculateField landbase.DPW.City_Boundaries CITY_NO 0 VB #</Process><Process ToolSource="c:\program files\arcgis\desktop10.1\ArcToolbox\Toolboxes\Data Management Tools.tbx\CalculateField" Date="20141022" Time="150224" Name="" export="">CalculateField landbase.DPW.City_Boundaries DESCRIPTN "UNINC" VB #</Process><Process ToolSource="c:\program files\arcgis\desktop10.1\ArcToolbox\Toolboxes\Data Management Tools.tbx\CalculateField" Date="20141022" Time="150238" Name="" export="">CalculateField landbase.DPW.City_Boundaries URL "www.lacounty.gov" VB #</Process><Process ToolSource="c:\program files\arcgis\desktop10.1\ArcToolbox\Toolboxes\Data Management Tools.tbx\CalculateField" Date="20141022" Time="150300" Name="" export="">CalculateField landbase.DPW.City_Boundaries PHONE "2139744321" VB #</Process><Process ToolSource="c:\program files\arcgis\desktop10.1\ArcToolbox\Toolboxes\Data Management Tools.tbx\CalculateField" Date="20141022" Time="150309" Name="" export="">CalculateField landbase.DPW.City_Boundaries OF_AREA_SM 0 VB #</Process><Process ToolSource="c:\program files\arcgis\desktop10.1\ArcToolbox\Toolboxes\Data Management Tools.tbx\CalculateField" Date="20141022" Time="150320" Name="" export="">CalculateField landbase.DPW.City_Boundaries FEAT_TYPE "Land" VB #</Process><Process ToolSource="c:\program files\arcgis\desktop10.1\ArcToolbox\Toolboxes\Data Management Tools.tbx\CalculateField" Date="20141022" Time="150333" Name="" export="">CalculateField landbase.DPW.City_Boundaries COLOR "Yellow" VB #</Process><Process ToolSource="c:\program files\arcgis\desktop10.1\ArcToolbox\Toolboxes\Data Management Tools.tbx\CalculateField" Date="20141022" Time="150350" Name="" export="">CalculateField landbase.DPW.City_Boundaries COLOR_EGIS "Yellow - RGB 255,255,115" VB #</Process><Process ToolSource="c:\program files\arcgis\desktop10.1\ArcToolbox\Toolboxes\Data Management Tools.tbx\CalculateField" Date="20141022" Time="150401" Name="" export="">CalculateField landbase.DPW.City_Boundaries POPULATION 1095592 VB #</Process><Process ToolSource="c:\program files\arcgis\desktop10.1\ArcToolbox\Toolboxes\Data Management Tools.tbx\CalculateField" Date="20141103" Time="141910" Name="" export="">CalculateField landbase.DPW.City_Boundaries COLOR_EGIS "Orange - RGB 230,190,112" VB #</Process><Process Name="Delete Features" ToolSource="c:\program files\arcgis\desktop10.1\ArcToolbox\Toolboxes\Data Management Tools.tbx\DeleteFeatures" Date="20150831" Time="134638" export="">DeleteFeatures "Database Connections\ISD_Landbase.sde\landbase.DPW.City\landbase.DPW.City_Boundaries"</Process><Process Name="Append" ToolSource="c:\program files\arcgis\desktop10.1\ArcToolbox\Toolboxes\Data Management Tools.tbx\Append" Date="20150831" Time="134645" export="">Append C:\CITY_ANNEXATIONS_RELATED_FOLDER\City_Annex_Boundary_Lines\City_Boundaries_20150831\City_Boundaries_20150831\City_Boundaries_20150831.gdb\City\City_Boundaries "Database Connections\ISD_Landbase.sde\landbase.DPW.City\landbase.DPW.City_Boundaries" NO_TEST "CITY "CITY" true true false 4 Long 0 10 ,First,#,C:\CITY_ANNEXATIONS_RELATED_FOLDER\City_Annex_Boundary_Lines\City_Boundaries_20150831\City_Boundaries_20150831\City_Boundaries_20150831.gdb\City\City_Boundaries,CITY,-1,-1;CITY_ID "CITY_ID" true true false 4 Long 0 10 ,First,#,C:\CITY_ANNEXATIONS_RELATED_FOLDER\City_Annex_Boundary_Lines\City_Boundaries_20150831\City_Boundaries_20150831\City_Boundaries_20150831.gdb\City\City_Boundaries,CITY_ID,-1,-1;CITY_TYPE "CITY_TYPE" true true false 25 Text 0 0 ,First,#,C:\CITY_ANNEXATIONS_RELATED_FOLDER\City_Annex_Boundary_Lines\City_Boundaries_20150831\City_Boundaries_20150831\City_Boundaries_20150831.gdb\City\City_Boundaries,CITY_TYPE,-1,-1;CITY_NAME "CITY_NAME" true true false 25 Text 0 0 ,First,#,C:\CITY_ANNEXATIONS_RELATED_FOLDER\City_Annex_Boundary_Lines\City_Boundaries_20150831\City_Boundaries_20150831\City_Boundaries_20150831.gdb\City\City_Boundaries,CITY_NAME,-1,-1;CITY_LABEL "CITY_LABEL" true true false 21 Text 0 0 ,First,#,C:\CITY_ANNEXATIONS_RELATED_FOLDER\City_Annex_Boundary_Lines\City_Boundaries_20150831\City_Boundaries_20150831\City_Boundaries_20150831.gdb\City\City_Boundaries,CITY_LABEL,-1,-1;COLOR_CODE "COLOR_CODE" true true false 2 Short 0 5 ,First,#,C:\CITY_ANNEXATIONS_RELATED_FOLDER\City_Annex_Boundary_Lines\City_Boundaries_20150831\City_Boundaries_20150831\City_Boundaries_20150831.gdb\City\City_Boundaries,COLOR_CODE,-1,-1;ABBR "ABBR" true true false 4 Text 0 0 ,First,#,C:\CITY_ANNEXATIONS_RELATED_FOLDER\City_Annex_Boundary_Lines\City_Boundaries_20150831\City_Boundaries_20150831\City_Boundaries_20150831.gdb\City\City_Boundaries,ABBR,-1,-1;CITY_NO "CITY_NO" true true false 2 Short 0 5 ,First,#,C:\CITY_ANNEXATIONS_RELATED_FOLDER\City_Annex_Boundary_Lines\City_Boundaries_20150831\City_Boundaries_20150831\City_Boundaries_20150831.gdb\City\City_Boundaries,CITY_NO,-1,-1;DESCRIPTN "DESCRIPTN" true true false 8 Text 0 0 ,First,#,C:\CITY_ANNEXATIONS_RELATED_FOLDER\City_Annex_Boundary_Lines\City_Boundaries_20150831\City_Boundaries_20150831\City_Boundaries_20150831.gdb\City\City_Boundaries,DESCRIPTN,-1,-1;URL "URL" true true false 50 Text 0 0 ,First,#,C:\CITY_ANNEXATIONS_RELATED_FOLDER\City_Annex_Boundary_Lines\City_Boundaries_20150831\City_Boundaries_20150831\City_Boundaries_20150831.gdb\City\City_Boundaries,URL,-1,-1;PHONE "PHONE" true true false 50 Text 0 0 ,First,#,C:\CITY_ANNEXATIONS_RELATED_FOLDER\City_Annex_Boundary_Lines\City_Boundaries_20150831\City_Boundaries_20150831\City_Boundaries_20150831.gdb\City\City_Boundaries,PHONE,-1,-1;OF_AREA_SM "OF_AREA_SM" true true false 8 Double 8 38 ,First,#,C:\CITY_ANNEXATIONS_RELATED_FOLDER\City_Annex_Boundary_Lines\City_Boundaries_20150831\City_Boundaries_20150831\City_Boundaries_20150831.gdb\City\City_Boundaries,OF_AREA_SM,-1,-1;FEAT_TYPE "FEAT_TYPE" true true false 16 Text 0 0 ,First,#,C:\CITY_ANNEXATIONS_RELATED_FOLDER\City_Annex_Boundary_Lines\City_Boundaries_20150831\City_Boundaries_20150831\City_Boundaries_20150831.gdb\City\City_Boundaries,FEAT_TYPE,-1,-1;COMMENT "COMMENT" true true false 50 Text 0 0 ,First,#,C:\CITY_ANNEXATIONS_RELATED_FOLDER\City_Annex_Boundary_Lines\City_Boundaries_20150831\City_Boundaries_20150831\City_Boundaries_20150831.gdb\City\City_Boundaries,COMMENT,-1,-1;SUB_TYPE "SUB_TYPE" true true false 2 Short 0 5 ,First,#,C:\CITY_ANNEXATIONS_RELATED_FOLDER\City_Annex_Boundary_Lines\City_Boundaries_20150831\City_Boundaries_20150831\City_Boundaries_20150831.gdb\City\City_Boundaries,SUB_TYPE,-1,-1;COLOR "COLOR" true true false 16 Text 0 0 ,First,#,C:\CITY_ANNEXATIONS_RELATED_FOLDER\City_Annex_Boundary_Lines\City_Boundaries_20150831\City_Boundaries_20150831\City_Boundaries_20150831.gdb\City\City_Boundaries,COLOR,-1,-1;GlobalID "GlobalID" false false false 38 GlobalID 0 0 ,First,#,C:\CITY_ANNEXATIONS_RELATED_FOLDER\City_Annex_Boundary_Lines\City_Boundaries_20150831\City_Boundaries_20150831\City_Boundaries_20150831.gdb\City\City_Boundaries,GlobalID,-1,-1;created_user "created_user" true true false 255 Text 0 0 ,First,#,C:\CITY_ANNEXATIONS_RELATED_FOLDER\City_Annex_Boundary_Lines\City_Boundaries_20150831\City_Boundaries_20150831\City_Boundaries_20150831.gdb\City\City_Boundaries,created_user,-1,-1;created_date "created_date" true true false 36 Date 0 0 ,First,#,C:\CITY_ANNEXATIONS_RELATED_FOLDER\City_Annex_Boundary_Lines\City_Boundaries_20150831\City_Boundaries_20150831\City_Boundaries_20150831.gdb\City\City_Boundaries,created_date,-1,-1;last_edited_user "last_edited_user" true true false 255 Text 0 0 ,First,#,C:\CITY_ANNEXATIONS_RELATED_FOLDER\City_Annex_Boundary_Lines\City_Boundaries_20150831\City_Boundaries_20150831\City_Boundaries_20150831.gdb\City\City_Boundaries,last_edited_user,-1,-1;last_edited_date "last_edited_date" true true false 36 Date 0 0 ,First,#,C:\CITY_ANNEXATIONS_RELATED_FOLDER\City_Annex_Boundary_Lines\City_Boundaries_20150831\City_Boundaries_20150831\City_Boundaries_20150831.gdb\City\City_Boundaries,last_edited_date,-1,-1;COLOR_EGIS "COLOR_EGIS" true true false 50 Text 0 0 ,First,#,C:\CITY_ANNEXATIONS_RELATED_FOLDER\City_Annex_Boundary_Lines\City_Boundaries_20150831\City_Boundaries_20150831\City_Boundaries_20150831.gdb\City\City_Boundaries,COLOR_EGIS,-1,-1;POPULATION "POPULATION" true true false 4 Long 0 10 ,First,#,C:\CITY_ANNEXATIONS_RELATED_FOLDER\City_Annex_Boundary_Lines\City_Boundaries_20150831\City_Boundaries_20150831\City_Boundaries_20150831.gdb\City\City_Boundaries,POPULATION,-1,-1;Shape.area "Shape.area" false false true 0 Double 0 0 ,First,#;Shape.len "Shape.len" false false true 0 Double 0 0 ,First,#" #</Process><Process Name="Delete Features (2)" ToolSource="c:\program files (x86)\arcgis\desktop10.2\ArcToolbox\Toolboxes\Data Management Tools.tbx\DeleteFeatures" Date="20160418" Time="150214" export="">DeleteFeatures "Database Connections\ISD_Landbase_Connection to 10.48.150.252.sde\landbase.DPW.City\landbase.DPW.City_Boundaries"</Process><Process Name="Delete Features (2)" ToolSource="c:\program files (x86)\arcgis\desktop10.2\ArcToolbox\Toolboxes\Data Management Tools.tbx\DeleteFeatures" Date="20160418" Time="160111" export="">DeleteFeatures "Database Connections\ISD_Landbase_Connection to 10.48.150.252.sde\landbase.DPW.City\landbase.DPW.City_Boundaries"</Process><Process Name="Delete Features" ToolSource="c:\program files (x86)\arcgis\desktop10.2\ArcToolbox\Toolboxes\Data Management Tools.tbx\DeleteFeatures" Date="20160418" Time="160716" export="">DeleteFeatures "Database Connections\ISD_Landbase_Connection to 10.48.150.252.sde\landbase.DPW.City\landbase.DPW.City_Boundaries"</Process><Process Name="Append" ToolSource="c:\program files (x86)\arcgis\desktop10.2\ArcToolbox\Toolboxes\Data Management Tools.tbx\Append" Date="20160418" Time="160725" export="">Append C:\eGIS_Political_Boundaries\CityAnnex-Boundaries.gdb\DPW_CITY_BOUNDARIES "Database Connections\ISD_Landbase_Connection to 10.48.150.252.sde\landbase.DPW.City\landbase.DPW.City_Boundaries" NO_TEST "CITY "CITY" true true false 4 Long 0 10 ,First,#,C:\eGIS_Political_Boundaries\CityAnnex-Boundaries.gdb\DPW_CITY_BOUNDARIES,CITY,-1,-1;CITY_ID "CITY_ID" true true false 4 Long 0 10 ,First,#,C:\eGIS_Political_Boundaries\CityAnnex-Boundaries.gdb\DPW_CITY_BOUNDARIES,CITY_ID,-1,-1;CITY_TYPE "CITY_TYPE" true true false 25 Text 0 0 ,First,#,C:\eGIS_Political_Boundaries\CityAnnex-Boundaries.gdb\DPW_CITY_BOUNDARIES,CITY_TYPE,-1,-1;CITY_NAME "CITY_NAME" true true false 25 Text 0 0 ,First,#,C:\eGIS_Political_Boundaries\CityAnnex-Boundaries.gdb\DPW_CITY_BOUNDARIES,CITY_NAME,-1,-1;CITY_LABEL "CITY_LABEL" true true false 21 Text 0 0 ,First,#,C:\eGIS_Political_Boundaries\CityAnnex-Boundaries.gdb\DPW_CITY_BOUNDARIES,CITY_LABEL,-1,-1;COLOR_CODE "COLOR_CODE" true true false 2 Short 0 5 ,First,#,C:\eGIS_Political_Boundaries\CityAnnex-Boundaries.gdb\DPW_CITY_BOUNDARIES,COLOR_CODE,-1,-1;ABBR "ABBR" true true false 4 Text 0 0 ,First,#,C:\eGIS_Political_Boundaries\CityAnnex-Boundaries.gdb\DPW_CITY_BOUNDARIES,ABBR,-1,-1;CITY_NO "CITY_NO" true true false 2 Short 0 5 ,First,#,C:\eGIS_Political_Boundaries\CityAnnex-Boundaries.gdb\DPW_CITY_BOUNDARIES,CITY_NO,-1,-1;DESCRIPTN "DESCRIPTN" true true false 8 Text 0 0 ,First,#,C:\eGIS_Political_Boundaries\CityAnnex-Boundaries.gdb\DPW_CITY_BOUNDARIES,DESCRIPTN,-1,-1;URL "URL" true true false 50 Text 0 0 ,First,#,C:\eGIS_Political_Boundaries\CityAnnex-Boundaries.gdb\DPW_CITY_BOUNDARIES,URL,-1,-1;PHONE "PHONE" true true false 50 Text 0 0 ,First,#,C:\eGIS_Political_Boundaries\CityAnnex-Boundaries.gdb\DPW_CITY_BOUNDARIES,PHONE,-1,-1;OF_AREA_SM "OF_AREA_SM" true true false 8 Double 8 38 ,First,#,C:\eGIS_Political_Boundaries\CityAnnex-Boundaries.gdb\DPW_CITY_BOUNDARIES,OF_AREA_SM,-1,-1;FEAT_TYPE "FEAT_TYPE" true true false 16 Text 0 0 ,First,#,C:\eGIS_Political_Boundaries\CityAnnex-Boundaries.gdb\DPW_CITY_BOUNDARIES,FEAT_TYPE,-1,-1;COMMENT "COMMENT" true true false 50 Text 0 0 ,First,#,C:\eGIS_Political_Boundaries\CityAnnex-Boundaries.gdb\DPW_CITY_BOUNDARIES,COMMENT,-1,-1;SUB_TYPE "SUB_TYPE" true true false 2 Short 0 5 ,First,#;COLOR "COLOR" true true false 16 Text 0 0 ,First,#;GlobalID "GlobalID" false false false 38 GlobalID 0 0 ,First,#;created_user "created_user" true true false 255 Text 0 0 ,First,#;created_date "created_date" true true false 36 Date 0 0 ,First,#;last_edited_user "last_edited_user" true true false 255 Text 0 0 ,First,#;last_edited_date "last_edited_date" true true false 36 Date 0 0 ,First,#;COLOR_EGIS "COLOR_EGIS" true true false 50 Text 0 0 ,First,#,C:\eGIS_Political_Boundaries\CityAnnex-Boundaries.gdb\DPW_CITY_BOUNDARIES,COLOR_EGIS,-1,-1;POPULATION "POPULATION" true true false 4 Long 0 10 ,First,#,C:\eGIS_Political_Boundaries\CityAnnex-Boundaries.gdb\DPW_CITY_BOUNDARIES,POPULATION,-1,-1;Shape.area "Shape.area" false false true 0 Double 0 0 ,First,#;Shape.len "Shape.len" false false true 0 Double 0 0 ,First,#" #</Process><Process Name="Delete Features" ToolSource="c:\program files (x86)\arcgis\desktop10.2\ArcToolbox\Toolboxes\Data Management Tools.tbx\DeleteFeatures" Date="20160418" Time="163900" export="">DeleteFeatures "Database Connections\ISD_Landbase_Connection to 10.48.150.252.sde\landbase.DPW.City\landbase.DPW.City_Boundaries"</Process><Process Name="Append" ToolSource="c:\program files (x86)\arcgis\desktop10.2\ArcToolbox\Toolboxes\Data Management Tools.tbx\Append" Date="20160418" Time="163955" export="">Append C:\eGIS_Political_Boundaries\CityAnnex-Boundaries.gdb\DPW_CITY_BOUNDARIES "Database Connections\ISD_Landbase_Connection to 10.48.150.252.sde\landbase.DPW.City\landbase.DPW.City_Boundaries" NO_TEST "CITY "CITY" true true false 4 Long 0 10 ,First,#,C:\eGIS_Political_Boundaries\CityAnnex-Boundaries.gdb\DPW_CITY_BOUNDARIES,CITY,-1,-1;CITY_ID "CITY_ID" true true false 4 Long 0 10 ,First,#,C:\eGIS_Political_Boundaries\CityAnnex-Boundaries.gdb\DPW_CITY_BOUNDARIES,CITY_ID,-1,-1;CITY_TYPE "CITY_TYPE" true true false 25 Text 0 0 ,First,#,C:\eGIS_Political_Boundaries\CityAnnex-Boundaries.gdb\DPW_CITY_BOUNDARIES,CITY_TYPE,-1,-1;CITY_NAME "CITY_NAME" true true false 25 Text 0 0 ,First,#,C:\eGIS_Political_Boundaries\CityAnnex-Boundaries.gdb\DPW_CITY_BOUNDARIES,CITY_NAME,-1,-1;CITY_LABEL "CITY_LABEL" true true false 21 Text 0 0 ,First,#,C:\eGIS_Political_Boundaries\CityAnnex-Boundaries.gdb\DPW_CITY_BOUNDARIES,CITY_LABEL,-1,-1;COLOR_CODE "COLOR_CODE" true true false 2 Short 0 5 ,First,#,C:\eGIS_Political_Boundaries\CityAnnex-Boundaries.gdb\DPW_CITY_BOUNDARIES,COLOR_CODE,-1,-1;ABBR "ABBR" true true false 4 Text 0 0 ,First,#,C:\eGIS_Political_Boundaries\CityAnnex-Boundaries.gdb\DPW_CITY_BOUNDARIES,ABBR,-1,-1;CITY_NO "CITY_NO" true true false 2 Short 0 5 ,First,#,C:\eGIS_Political_Boundaries\CityAnnex-Boundaries.gdb\DPW_CITY_BOUNDARIES,CITY_NO,-1,-1;DESCRIPTN "DESCRIPTN" true true false 8 Text 0 0 ,First,#,C:\eGIS_Political_Boundaries\CityAnnex-Boundaries.gdb\DPW_CITY_BOUNDARIES,DESCRIPTN,-1,-1;URL "URL" true true false 50 Text 0 0 ,First,#,C:\eGIS_Political_Boundaries\CityAnnex-Boundaries.gdb\DPW_CITY_BOUNDARIES,URL,-1,-1;PHONE "PHONE" true true false 50 Text 0 0 ,First,#,C:\eGIS_Political_Boundaries\CityAnnex-Boundaries.gdb\DPW_CITY_BOUNDARIES,PHONE,-1,-1;OF_AREA_SM "OF_AREA_SM" true true false 8 Double 8 38 ,First,#,C:\eGIS_Political_Boundaries\CityAnnex-Boundaries.gdb\DPW_CITY_BOUNDARIES,OF_AREA_SM,-1,-1;FEAT_TYPE "FEAT_TYPE" true true false 16 Text 0 0 ,First,#,C:\eGIS_Political_Boundaries\CityAnnex-Boundaries.gdb\DPW_CITY_BOUNDARIES,FEAT_TYPE,-1,-1;COMMENT "COMMENT" true true false 50 Text 0 0 ,First,#,C:\eGIS_Political_Boundaries\CityAnnex-Boundaries.gdb\DPW_CITY_BOUNDARIES,COMMENT,-1,-1;SUB_TYPE "SUB_TYPE" true true false 2 Short 0 5 ,First,#;COLOR "COLOR" true true false 16 Text 0 0 ,First,#;GlobalID "GlobalID" false false false 38 GlobalID 0 0 ,First,#;created_user "created_user" true true false 255 Text 0 0 ,First,#;created_date "created_date" true true false 36 Date 0 0 ,First,#;last_edited_user "last_edited_user" true true false 255 Text 0 0 ,First,#;last_edited_date "last_edited_date" true true false 36 Date 0 0 ,First,#;COLOR_EGIS "COLOR_EGIS" true true false 50 Text 0 0 ,First,#,C:\eGIS_Political_Boundaries\CityAnnex-Boundaries.gdb\DPW_CITY_BOUNDARIES,COLOR_EGIS,-1,-1;POPULATION "POPULATION" true true false 4 Long 0 10 ,First,#,C:\eGIS_Political_Boundaries\CityAnnex-Boundaries.gdb\DPW_CITY_BOUNDARIES,POPULATION,-1,-1;Shape.area "Shape.area" false false true 0 Double 0 0 ,First,#;Shape.len "Shape.len" false false true 0 Double 0 0 ,First,#" #</Process></lineage></DataProperties><ArcGISFormat>1.0</ArcGISFormat><SyncDate>20161116</SyncDate><SyncTime>13525200</SyncTime><ModDate>20161116</ModDate><ModTime>13525200</ModTime><ArcGISProfile>ItemDescription</ArcGISProfile><scaleRange><minScale>500000</minScale><maxScale>5000</maxScale></scaleRange></Esri><mdLang><languageCode value="en"/><countryCode value="USA" Sync="TRUE"/></mdLang><mdHrLv><ScopeCd value="005"/></mdHrLv><dataIdInfo><dataLang><languageCode value="en" country="US"/><countryCode value="USA" Sync="TRUE"/></dataLang><idCitation><presForm><PresFormCd value="005"/></presForm><resTitle Sync="FALSE">City of Los Angeles</resTitle></idCitation><descKeys><thesaName uuidref="723f6998-058e-11dc-8314-0800200c9a66"/></descKeys><spatRpType><SpatRepTypCd value="001"/></spatRpType><idPurp>City of Los Angeles Boundary are based on the Los Angeles County Seamless Cadastral Landbase. The Landbase is jointly maintained by the Los Angeles County Assessor and the Los Angeles County Department of Public Works.

Please refer to http://egis3.lacounty.gov/dataportal/2013/06/11/city-annexations/ for detailed information.</idPurp><idCredit>This data is maintained by the Los Angeles County Department of Public Works. Contacts: John Hickok, 626-458-7355, jhickok@dpw.lacounty.gov; Thierno Diallo, PE, 626-458-6920, tdiallo@dpw.lacounty.gov; Marianne Jeffers, PLS, 626-458-7113, mjeffers@dpw.lacounty.gov


</idCredit><searchKeys><keyword>Legal City</keyword><keyword>Boundary</keyword><keyword>Parcel Base</keyword><keyword>City Boundary</keyword><keyword>City Layer</keyword><keyword>City Limit</keyword><keyword>City of Los Angeles Extent</keyword></searchKeys><idAbs>&lt;DIV STYLE="text-align:Left;"&gt;&lt;DIV&gt;&lt;DIV&gt;&lt;P&gt;&lt;SPAN&gt;This layer represents current City of Los Angeles boundary. The Los Angeles County Department of Public Works provides the most current shapefiles representing &lt;/SPAN&gt;&lt;A href="http://egis3.lacounty.gov/dataportal/2013/01/03/city-boundaries/"&gt;&lt;SPAN&gt;city boundaries&lt;/SPAN&gt;&lt;/A&gt;&lt;SPAN&gt;and &lt;/SPAN&gt;&lt;A href="http://egis3.lacounty.gov/dataportal/2013/06/11/city-annexations/"&gt;&lt;SPAN&gt;city annexations&lt;/SPAN&gt;&lt;/A&gt;&lt;SPAN&gt;on the Los Angeles County GIS Data Portal. True, legal boundaries are only determined on the ground by surveyors licensed in the State of California. Numerous records are freely available at the &lt;/SPAN&gt;&lt;A href="http://dpw.lacounty.gov/apps/survey/landrecords/"&gt;&lt;SPAN&gt;Land Records Informaiton&lt;/SPAN&gt;&lt;/A&gt;&lt;SPAN&gt; website, hosted by the Department of Public Works.&lt;/SPAN&gt;&lt;/P&gt;&lt;P&gt;&lt;SPAN&gt;Principal attributes include:&lt;/SPAN&gt;&lt;/P&gt;&lt;P&gt;&lt;SPAN STYLE="font-weight:bold;"&gt;CITY_NAME: &lt;/SPAN&gt;&lt;SPAN&gt;represents the city's name.&lt;/SPAN&gt;&lt;/P&gt;&lt;P&gt;&lt;SPAN STYLE="font-weight:bold;"&gt;CITY_TYPE: &lt;/SPAN&gt;&lt;SPAN&gt;may be used for definition queries; "Unincorporated" or "City".&lt;/SPAN&gt;&lt;/P&gt;&lt;P&gt;&lt;SPAN STYLE="font-weight:bold;"&gt;FEAT_TYPE: &lt;/SPAN&gt;&lt;SPAN&gt;identifies the feature that each polygon represents:&lt;/SPAN&gt;&lt;/P&gt;&lt;UL&gt;&lt;LI&gt;&lt;P&gt;&lt;SPAN STYLE="font-weight:bold;"&gt;Land &lt;/SPAN&gt;&lt;SPAN&gt;- This value is used for polygons representing the land masses, if you want to see only land features on your map.&lt;/SPAN&gt;&lt;/P&gt;&lt;/LI&gt;&lt;LI&gt;&lt;P&gt;&lt;SPAN STYLE="font-weight:bold;"&gt;Pier &lt;/SPAN&gt;&lt;SPAN&gt;- This value is used for polygons representing piers along the coastline. One example is the Santa Monica Pier.&lt;/SPAN&gt;&lt;/P&gt;&lt;/LI&gt;&lt;LI&gt;&lt;P&gt;&lt;SPAN STYLE="font-weight:bold;"&gt;Breakwater &lt;/SPAN&gt;&lt;SPAN&gt;- This value is used for polygons representing man-made barriers that protect the harbors.&lt;/SPAN&gt;&lt;/P&gt;&lt;/LI&gt;&lt;LI&gt;&lt;P&gt;&lt;SPAN STYLE="font-weight:bold;"&gt;Water &lt;/SPAN&gt;&lt;SPAN&gt;- This value is used for polygons representing navigable waters inside the harbors and marinas.&lt;/SPAN&gt;&lt;/P&gt;&lt;/LI&gt;&lt;LI&gt;&lt;P&gt;&lt;SPAN STYLE="font-weight:bold;"&gt;3NM Buffer &lt;/SPAN&gt;&lt;SPAN&gt;- This value is used for polygons representing the three seaward nautical miles within the cities' limits, per the Submerged Lands Act.&lt;/SPAN&gt;&lt;/P&gt;&lt;/LI&gt;&lt;/UL&gt;&lt;P&gt;&lt;SPAN STYLE="font-weight:bold;"&gt;POPULATION&lt;/SPAN&gt;&lt;SPAN&gt;: Information in this field is supplied by Mark Greninger (mgreninger@cio.lacounty.gov).&lt;/SPAN&gt;&lt;/P&gt;&lt;/DIV&gt;&lt;/DIV&gt;&lt;/DIV&gt;</idAbs><resConst><Consts><useLimit>&lt;DIV STYLE="text-align:Left;"&gt;&lt;DIV&gt;&lt;DIV&gt;&lt;P&gt;&lt;SPAN&gt;Every reasonable effort has been made to assure the accuracy of this data. Los Angeles County makes no warranty, representation, or guarantee as to the content, sequence, accuracy, timeliness, or completeness of any of the data provided herein. Derived from the Los Angeles County Cadastral Landbase, this data is based on information obtained from public and quasi-public records. Boundary locations on the ground must be determined by field surveys conducted under the direction of a licensed land surveyor. This data is not to be used as an aid for marine navigation. If an error is found, or if there are general questions, please contact the individuals listed in the Credits.&lt;/SPAN&gt;&lt;/P&gt;&lt;/DIV&gt;&lt;/DIV&gt;&lt;/DIV&gt;</useLimit></Consts></resConst><envirDesc Sync="TRUE">Microsoft Windows 7 Version 6.1 (Build 7601) Service Pack 1; Esri ArcGIS 10.4.0.5524</envirDesc><dataExt><geoEle xmlns=""><GeoBndBox esriExtentType="search"><exTypeCode Sync="TRUE">1</exTypeCode><westBL Sync="TRUE">-118.669435</westBL><eastBL Sync="TRUE">-118.154628</eastBL><northBL Sync="TRUE">34.338254</northBL><southBL Sync="TRUE">33.702131</southBL></GeoBndBox></geoEle></dataExt></dataIdInfo><refSysInfo><RefSystem><refSysID><identCode code="2229"/><idCodeSpace Sync="TRUE">EPSG</idCodeSpace><idVersion Sync="TRUE">5.3(9.0.0)</idVersion></refSysID></RefSystem></refSysInfo><eainfo><detailed Name="City_of_LA"><enttyp><enttypl Sync="TRUE">City_of_LA</enttypl><enttypt Sync="TRUE">Feature Class</enttypt><enttypc Sync="TRUE">15</enttypc></enttyp><attr><attrlabl Sync="TRUE">FID</attrlabl><attalias Sync="TRUE">FID</attalias><attrtype Sync="TRUE">OID</attrtype><attwidth Sync="TRUE">4</attwidth><atprecis Sync="TRUE">0</atprecis><attscale Sync="TRUE">0</attscale><attrdef Sync="TRUE">Internal feature number.</attrdef><attrdefs Sync="TRUE">Esri</attrdefs><attrdomv><udom Sync="TRUE">Sequential unique whole numbers that are automatically generated.</udom></attrdomv></attr><attr><attrlabl Sync="TRUE">OBJECTID</attrlabl><attalias Sync="TRUE">OBJECTID</attalias><attrtype Sync="TRUE">Integer</attrtype><attwidth Sync="TRUE">10</attwidth><atprecis Sync="TRUE">10</atprecis><attscale Sync="TRUE">0</attscale><attrdef Sync="TRUE">Internal feature number.</attrdef><attrdefs Sync="TRUE">Esri</attrdefs><attrdomv><udom Sync="TRUE">Sequential unique whole numbers that are automatically generated.</udom></attrdomv></attr><attr><attrlabl Sync="TRUE">Shape</attrlabl><attalias Sync="TRUE">Shape</attalias><attrtype Sync="TRUE">Geometry</attrtype><attwidth Sync="TRUE">0</attwidth><atprecis Sync="TRUE">0</atprecis><attscale Sync="TRUE">0</attscale><attrdef Sync="TRUE">Feature geometry.</attrdef><attrdefs Sync="TRUE">ESRI</attrdefs><attrdomv><udom Sync="TRUE">Coordinates defining the features.</udom></attrdomv></attr><attr><attrlabl Sync="TRUE">CITY</attrlabl><attalias Sync="TRUE">CITY</attalias><attrtype Sync="TRUE">Integer</attrtype><attwidth Sync="TRUE">10</attwidth><atprecis Sync="TRUE">10</atprecis><attscale Sync="TRUE">0</attscale></attr><attr><attrlabl Sync="TRUE">CITY_ID</attrlabl><attalias Sync="TRUE">CITY_ID</attalias><attrtype Sync="TRUE">Integer</attrtype><attwidth Sync="TRUE">10</attwidth><atprecis Sync="TRUE">10</atprecis><attscale Sync="TRUE">0</attscale></attr><attr><attrlabl Sync="TRUE">CITY_TYPE</attrlabl><attalias Sync="TRUE">CITY_TYPE</attalias><attrtype Sync="TRUE">String</attrtype><attwidth Sync="TRUE">25</attwidth><atprecis Sync="TRUE">0</atprecis><attscale Sync="TRUE">0</attscale></attr><attr><attrlabl Sync="TRUE">CITY_NAME</attrlabl><attalias Sync="TRUE">CITY_NAME</attalias><attrtype Sync="TRUE">String</attrtype><attwidth Sync="TRUE">25</attwidth><atprecis Sync="TRUE">0</atprecis><attscale Sync="TRUE">0</attscale></attr><attr><attrlabl Sync="TRUE">CITY_LABEL</attrlabl><attalias Sync="TRUE">CITY_LABEL</attalias><attrtype Sync="TRUE">String</attrtype><attwidth Sync="TRUE">21</attwidth><atprecis Sync="TRUE">0</atprecis><attscale Sync="TRUE">0</attscale></attr><attr><attrlabl Sync="TRUE">COLOR_CODE</attrlabl><attalias Sync="TRUE">COLOR_CODE</attalias><attrtype Sync="TRUE">Integer</attrtype><attwidth Sync="TRUE">10</attwidth><atprecis Sync="TRUE">10</atprecis><attscale Sync="TRUE">0</attscale></attr><attr><attrlabl Sync="TRUE">ABBR</attrlabl><attalias Sync="TRUE">ABBR</attalias><attrtype Sync="TRUE">String</attrtype><attwidth Sync="TRUE">4</attwidth><atprecis Sync="TRUE">0</atprecis><attscale Sync="TRUE">0</attscale></attr><attr><attrlabl Sync="TRUE">CITY_NO</attrlabl><attalias Sync="TRUE">CITY_NO</attalias><attrtype Sync="TRUE">Integer</attrtype><attwidth Sync="TRUE">10</attwidth><atprecis Sync="TRUE">10</atprecis><attscale Sync="TRUE">0</attscale></attr><attr><attrlabl Sync="TRUE">DESCRIPTN</attrlabl><attalias Sync="TRUE">DESCRIPTN</attalias><attrtype Sync="TRUE">String</attrtype><attwidth Sync="TRUE">8</attwidth><atprecis Sync="TRUE">0</atprecis><attscale Sync="TRUE">0</attscale></attr><attr><attrlabl Sync="TRUE">URL</attrlabl><attalias Sync="TRUE">URL</attalias><attrtype Sync="TRUE">String</attrtype><attwidth Sync="TRUE">50</attwidth><atprecis Sync="TRUE">0</atprecis><attscale Sync="TRUE">0</attscale></attr><attr><attrlabl Sync="TRUE">PHONE</attrlabl><attalias Sync="TRUE">PHONE</attalias><attrtype Sync="TRUE">String</attrtype><attwidth Sync="TRUE">50</attwidth><atprecis Sync="TRUE">0</atprecis><attscale Sync="TRUE">0</attscale></attr><attr><attrlabl Sync="TRUE">OF_AREA_SM</attrlabl><attalias Sync="TRUE">OF_AREA_SM</attalias><attrtype Sync="TRUE">Double</attrtype><attwidth Sync="TRUE">19</attwidth><atprecis Sync="TRUE">0</atprecis><attscale Sync="TRUE">0</attscale></attr><attr><attrlabl Sync="TRUE">COMMENT_</attrlabl><attalias Sync="TRUE">COMMENT_</attalias><attrtype Sync="TRUE">String</attrtype><attwidth Sync="TRUE">50</attwidth><atprecis Sync="TRUE">0</atprecis><attscale Sync="TRUE">0</attscale></attr><attr><attrlabl Sync="TRUE">FEAT_TYPE</attrlabl><attalias Sync="TRUE">FEAT_TYPE</attalias><attrtype Sync="TRUE">String</attrtype><attwidth Sync="TRUE">16</attwidth><atprecis Sync="TRUE">0</atprecis><attscale Sync="TRUE">0</attscale></attr><attr><attrlabl Sync="TRUE">SUB_TYPE</attrlabl><attalias Sync="TRUE">SUB_TYPE</attalias><attrtype Sync="TRUE">Integer</attrtype><attwidth Sync="TRUE">10</attwidth><atprecis Sync="TRUE">10</atprecis><attscale Sync="TRUE">0</attscale></attr><attr><attrlabl Sync="TRUE">COLOR</attrlabl><attalias Sync="TRUE">COLOR</attalias><attrtype Sync="TRUE">String</attrtype><attwidth Sync="TRUE">16</attwidth><atprecis Sync="TRUE">0</atprecis><attscale Sync="TRUE">0</attscale></attr><attr><attrlabl Sync="TRUE">created_us</attrlabl><attalias Sync="TRUE">CREATED_US</attalias><attrtype Sync="TRUE">String</attrtype><attwidth Sync="TRUE">254</attwidth><atprecis Sync="TRUE">0</atprecis><attscale Sync="TRUE">0</attscale></attr><attr><attrlabl Sync="TRUE">created_da</attrlabl><attalias Sync="TRUE">CREATED_DA</attalias><attrtype Sync="TRUE">Date</attrtype><attwidth Sync="TRUE">8</attwidth><atprecis Sync="TRUE">0</atprecis><attscale Sync="TRUE">0</attscale></attr><attr><attrlabl Sync="TRUE">last_edite</attrlabl><attalias Sync="TRUE">LAST_EDITE</attalias><attrtype Sync="TRUE">String</attrtype><attwidth Sync="TRUE">254</attwidth><atprecis Sync="TRUE">0</atprecis><attscale Sync="TRUE">0</attscale></attr><attr><attrlabl Sync="TRUE">last_edi_1</attrlabl><attalias Sync="TRUE">LAST_EDI_1</attalias><attrtype Sync="TRUE">Date</attrtype><attwidth Sync="TRUE">8</attwidth><atprecis Sync="TRUE">0</atprecis><attscale Sync="TRUE">0</attscale></attr><attr><attrlabl Sync="TRUE">COLOR_EGIS</attrlabl><attalias Sync="TRUE">COLOR_EGIS</attalias><attrtype Sync="TRUE">String</attrtype><attwidth Sync="TRUE">50</attwidth><atprecis Sync="TRUE">0</atprecis><attscale Sync="TRUE">0</attscale></attr><attr><attrlabl Sync="TRUE">POPULATION</attrlabl><attalias Sync="TRUE">POPULATION</attalias><attrtype Sync="TRUE">Integer</attrtype><attwidth Sync="TRUE">10</attwidth><atprecis Sync="TRUE">10</atprecis><attscale Sync="TRUE">0</attscale></attr><attr><attrlabl Sync="TRUE">SHAPE_AREA</attrlabl><attalias Sync="TRUE">SHAPE_AREA</attalias><attrtype Sync="TRUE">Double</attrtype><attwidth Sync="TRUE">19</attwidth><atprecis Sync="TRUE">0</atprecis><attscale Sync="TRUE">0</attscale><attrdef Sync="TRUE">Area of feature in internal units squared.</attrdef><attrdefs Sync="TRUE">Esri</attrdefs><attrdomv><udom Sync="TRUE">Positive real numbers that are automatically generated.</udom></attrdomv></attr><attr><attrlabl Sync="TRUE">SHAPE_LEN</attrlabl><attalias Sync="TRUE">SHAPE_LEN</attalias><attrtype Sync="TRUE">Double</attrtype><attwidth Sync="TRUE">19</attwidth><atprecis Sync="TRUE">0</atprecis><attscale Sync="TRUE">0</attscale></attr></detailed></eainfo><distInfo><distFormat><formatName Sync="TRUE">Shapefile</formatName></distFormat><distTranOps><transSize Sync="TRUE">0.418</transSize></distTranOps></distInfo><mdHrLvName Sync="TRUE">dataset</mdHrLvName><spatRepInfo><VectSpatRep><geometObjs Name="City_of_LA"><geoObjTyp><GeoObjTypCd value="002" Sync="TRUE"></GeoObjTypCd></geoObjTyp><geoObjCnt Sync="TRUE">15</geoObjCnt></geometObjs><topLvl><TopoLevCd value="001" Sync="TRUE"></TopoLevCd></topLvl></VectSpatRep></spatRepInfo><spdoinfo><ptvctinf><esriterm Name="City_of_LA"><efeatyp Sync="TRUE">Simple</efeatyp><efeageom code="4" Sync="TRUE"></efeageom><esritopo Sync="TRUE">FALSE</esritopo><efeacnt Sync="TRUE">15</efeacnt><spindex Sync="TRUE">TRUE</spindex><linrefer Sync="TRUE">FALSE</linrefer></esriterm></ptvctinf></spdoinfo><mdDateSt Sync="TRUE">20161116</mdDateSt><mdChar><CharSetCd value="004" Sync="TRUE"/></mdChar></metadata>
