<?xml version="1.0" encoding="UTF-8"?>
<metadata xml:lang="en"><Esri><CreaDate>20161026</CreaDate><CreaTime>14130600</CreaTime><ArcGISFormat>1.0</ArcGISFormat><ArcGISstyle>FGDC CSDGM Metadata</ArcGISstyle><SyncOnce>FALSE</SyncOnce><DataProperties><itemProps><itemName Sync="TRUE">Supervisory2011</itemName><imsContentType Sync="TRUE">002</imsContentType><itemSize Sync="TRUE">0.566</itemSize><itemLocation><linkage Sync="TRUE">file://\\mta60\CountyWide_Long_Range_Trans\Jobs3\Y16018_Board_Members_Districts\Shapefile\LACity_CntySup_Districts\Supervisory2011</linkage><protocol Sync="TRUE">Local Area Network</protocol></itemLocation><nativeExtBox><westBL Sync="TRUE">6275423.850607</westBL><eastBL Sync="TRUE">6668480.732799</eastBL><southBL Sync="TRUE">1385780.558114</southBL><northBL Sync="TRUE">2122084.404401</northBL><exTypeCode Sync="TRUE">1</exTypeCode></nativeExtBox></itemProps><coordRef><type Sync="TRUE">Projected</type><geogcsn Sync="TRUE">GCS_North_American_1983</geogcsn><projcsn Sync="TRUE">NAD_1983_StatePlane_California_V_FIPS_0405_Feet</projcsn><peXml Sync="TRUE">&lt;ProjectedCoordinateSystem xsi:type='typens:ProjectedCoordinateSystem' xmlns:xsi='http://www.w3.org/2001/XMLSchema-instance' xmlns:xs='http://www.w3.org/2001/XMLSchema' xmlns:typens='http://www.esri.com/schemas/ArcGIS/10.4'&gt;&lt;WKT&gt;PROJCS[&amp;quot;NAD_1983_StatePlane_California_V_FIPS_0405_Feet&amp;quot;,GEOGCS[&amp;quot;GCS_North_American_1983&amp;quot;,DATUM[&amp;quot;D_North_American_1983&amp;quot;,SPHEROID[&amp;quot;GRS_1980&amp;quot;,6378137.0,298.257222101]],PRIMEM[&amp;quot;Greenwich&amp;quot;,0.0],UNIT[&amp;quot;Degree&amp;quot;,0.0174532925199433]],PROJECTION[&amp;quot;Lambert_Conformal_Conic&amp;quot;],PARAMETER[&amp;quot;False_Easting&amp;quot;,6561666.666666666],PARAMETER[&amp;quot;False_Northing&amp;quot;,1640416.666666667],PARAMETER[&amp;quot;Central_Meridian&amp;quot;,-118.0],PARAMETER[&amp;quot;Standard_Parallel_1&amp;quot;,34.03333333333333],PARAMETER[&amp;quot;Standard_Parallel_2&amp;quot;,35.46666666666667],PARAMETER[&amp;quot;Latitude_Of_Origin&amp;quot;,33.5],UNIT[&amp;quot;Foot_US&amp;quot;,0.3048006096012192],AUTHORITY[&amp;quot;EPSG&amp;quot;,2229]]&lt;/WKT&gt;&lt;XOrigin&gt;-117608900&lt;/XOrigin&gt;&lt;YOrigin&gt;-91881400&lt;/YOrigin&gt;&lt;XYScale&gt;36269466.692146368&lt;/XYScale&gt;&lt;ZOrigin&gt;-100000&lt;/ZOrigin&gt;&lt;ZScale&gt;10000&lt;/ZScale&gt;&lt;MOrigin&gt;-100000&lt;/MOrigin&gt;&lt;MScale&gt;10000&lt;/MScale&gt;&lt;XYTolerance&gt;0.0032808333333333331&lt;/XYTolerance&gt;&lt;ZTolerance&gt;0.001&lt;/ZTolerance&gt;&lt;MTolerance&gt;0.001&lt;/MTolerance&gt;&lt;HighPrecision&gt;true&lt;/HighPrecision&gt;&lt;WKID&gt;102645&lt;/WKID&gt;&lt;LatestWKID&gt;2229&lt;/LatestWKID&gt;&lt;/ProjectedCoordinateSystem&gt;</peXml><csUnits Sync="TRUE">Linear Unit: Foot_US (0.304801)</csUnits></coordRef><lineage><Process ToolSource="C:\Program Files\ArcGIS\Desktop10.0\ArcToolbox\Toolboxes\Data Management Tools.tbx\Dissolve" Date="20110928" Time="144015" Name="" export="">Dissolve final_plan_by_rdu c:\gis\cio\redistricting\final_plan\sups_2011.shp DISTRICT # MULTI_PART DISSOLVE_LINES</Process><Process ToolSource="c:\program files (x86)\arcgis\desktop10.1\ArcToolbox\Toolboxes\Conversion Tools.tbx\FeatureClassToFeatureClass" Date="20130319" Time="104301">FeatureClassToFeatureClass P:\Jobs3\Y07001_Political.Districts\Updated2013\Geofiles\Supervisorial_District_Boundaries-2011.shp "Database Connections\Connection to oracle20.sde\CWPD.Boundary" Supervisory2011 # "DISTRICT "DISTRICT" true true false 1 Text 0 0 ,First,#,P:\Jobs3\Y07001_Political.Districts\Updated2013\Geofiles\Supervisorial_District_Boundaries-2011.shp,DISTRICT,-1,-1" #</Process><Process ToolSource="c:\program files (x86)\arcgis\desktop10.4\ArcToolbox\Toolboxes\Data Management Tools.tbx\CalculateField" Date="20160722" Time="114613">CalculateField CWPD.Supervisory2011 NAME "Hilda L. Solis" VB #</Process><Process ToolSource="c:\program files (x86)\arcgis\desktop10.4\ArcToolbox\Toolboxes\Data Management Tools.tbx\CalculateField" Date="20160722" Time="114640">CalculateField CWPD.Supervisory2011 NAME "Sheila Kueh" VB #</Process><Process Name="Add Field" ToolSource="c:\program files (x86)\arcgis\desktop10.4\ArcToolbox\Toolboxes\Data Management Tools.tbx\AddField" Date="20160722" Time="151548">AddField CWPD.Supervisory2011 SAR_Area DOUBLE 18 6 # # NULLABLE NON_REQUIRED #</Process><Process Name="Calculate Field" ToolSource="c:\program files (x86)\arcgis\desktop10.4\ArcToolbox\Toolboxes\Data Management Tools.tbx\CalculateField" Date="20160722" Time="151550">CalculateField CWPD.Supervisory2011 SAR_Area !shape.area@FEET! PYTHON_9.3 #</Process></lineage><copyHistory><copy source="P:\Jobs3\Y16018_Board_Members_Districts\Shapefile\Supervisory2011" dest="\\mta60\CountyWide_Long_Range_Trans\Jobs3\Y16018_Board_Members_Districts\Shapefile\LACity_CntySup_Districts\Supervisory2011" date="20161116" time="13583700"></copy></copyHistory></DataProperties><SyncDate>20161116</SyncDate><SyncTime>13543800</SyncTime><ModDate>20161116</ModDate><ModTime>13543800</ModTime><scaleRange><minScale>150000000</minScale><maxScale>5000</maxScale></scaleRange><ArcGISProfile>ItemDescription</ArcGISProfile></Esri><dataIdInfo><envirDesc Sync="TRUE">Microsoft Windows 7 Version 6.1 (Build 7601) Service Pack 1; Esri ArcGIS 10.4.0.5524</envirDesc><dataLang><languageCode value="eng" country="USA"/><countryCode value="USA" Sync="TRUE"></countryCode></dataLang><idCitation><resTitle Sync="TRUE">Supervisory2011</resTitle><presForm><PresFormCd value="005"/></presForm></idCitation><descKeys><thesaName uuidref="723f6998-058e-11dc-8314-0800200c9a66"/><keyword Sync="TRUE">002</keyword></descKeys><spatRpType><SpatRepTypCd value="001"/></spatRpType><idPurp>This GIS shapefile contains 2011 County Board of Supervisors district boundaries adopted September 27, 2011. The shapefile was downloaded from http://egis3.lacounty.gov/dataportal/2011/09/28/2011-supervisorial-district-boundaries-approved-september-27-2011/. All districts and names are current as of March 14, 2013, cross referenced from http://bos.co.la.ca.us/. </idPurp><idAbs>&lt;DIV STYLE="text-align:Left;"&gt;&lt;DIV&gt;&lt;P&gt;&lt;SPAN&gt;Notes from the author: &lt;/SPAN&gt;&lt;/P&gt;&lt;P&gt;&lt;SPAN&gt;"These boundaries are based upon Redistricting Units (RDUs) which in turn originated from the 2010 Census TIGER file – they are accurate to the Census Bureau.  I anticipate that in the future,  County departments (including the Registrar/Recorder) will be enhancing the spatial accuracy of this set of boundaries to more accurately follow legal city Boundaries and physical features that are represented in other County GIS data.&lt;/SPAN&gt;&lt;/P&gt;&lt;P&gt;&lt;SPAN /&gt;&lt;/P&gt;&lt;P&gt;&lt;SPAN&gt;However, the County has tested and found the Census Bureau’s data to substantially accurate for even large-scale mapping, so future changes will not dramatically impact mapping, but I do recommend coming back to this page to check for updates."&lt;/SPAN&gt;&lt;/P&gt;&lt;/DIV&gt;&lt;/DIV&gt;</idAbs><idCredit>Mark Greninger
Geographic Information Officer
County of Los Angeles
Chief Information Office
350 South Figueroa St
Suite 188
Los Angeles
mgreninger@cio.lacounty.gov
(213) 253-5624</idCredit><searchKeys><keyword>Los Angeles County Supervisorial District Boundaries 2011</keyword><keyword>political districts.</keyword></searchKeys><dataExt><geoEle><GeoBndBox esriExtentType="search"><exTypeCode Sync="TRUE">1</exTypeCode><westBL Sync="TRUE">-118.953734</westBL><eastBL Sync="TRUE">-117.644097</eastBL><northBL Sync="TRUE">34.823531</northBL><southBL Sync="TRUE">32.796774</southBL></GeoBndBox></geoEle></dataExt></dataIdInfo><mdLang><languageCode value="eng"/><countryCode value="USA" Sync="TRUE"></countryCode></mdLang><mdChar><CharSetCd value="004"/></mdChar><distInfo><distFormat><formatName Sync="TRUE">Shapefile</formatName></distFormat><distTranOps><transSize Sync="TRUE">0.566</transSize></distTranOps></distInfo><mdHrLv><ScopeCd value="005"/></mdHrLv><mdHrLvName Sync="TRUE">dataset</mdHrLvName><refSysInfo><RefSystem><refSysID><identCode code="2229"/><idCodeSpace Sync="TRUE">EPSG</idCodeSpace><idVersion Sync="TRUE">5.3(9.0.0)</idVersion></refSysID></RefSystem></refSysInfo><spdoinfo><ptvctinf><esriterm Name="Supervisory2011"><efeatyp Sync="TRUE">Simple</efeatyp><efeageom code="4" Sync="TRUE"></efeageom><esritopo Sync="TRUE">FALSE</esritopo><efeacnt Sync="TRUE">5</efeacnt><spindex Sync="TRUE">TRUE</spindex><linrefer Sync="TRUE">FALSE</linrefer></esriterm></ptvctinf></spdoinfo><spatRepInfo><VectSpatRep><geometObjs Name="Supervisory2011"><geoObjTyp><GeoObjTypCd value="002" Sync="TRUE"></GeoObjTypCd></geoObjTyp><geoObjCnt Sync="TRUE">5</geoObjCnt></geometObjs><topLvl><TopoLevCd value="001" Sync="TRUE"></TopoLevCd></topLvl></VectSpatRep></spatRepInfo><eainfo><detailed Name="Supervisory2011"><enttyp><enttypl Sync="TRUE">Supervisory2011</enttypl><enttypt Sync="TRUE">Feature Class</enttypt><enttypc Sync="TRUE">5</enttypc></enttyp><attr><attrlabl Sync="TRUE">FID</attrlabl><attalias Sync="TRUE">FID</attalias><attrtype Sync="TRUE">OID</attrtype><attwidth Sync="TRUE">4</attwidth><atprecis Sync="TRUE">0</atprecis><attscale Sync="TRUE">0</attscale><attrdef Sync="TRUE">Internal feature number.</attrdef><attrdefs Sync="TRUE">Esri</attrdefs><attrdomv><udom Sync="TRUE">Sequential unique whole numbers that are automatically generated.</udom></attrdomv></attr><attr><attrlabl Sync="TRUE">OBJECTID</attrlabl><attalias Sync="TRUE">OBJECTID</attalias><attrtype Sync="TRUE">Integer</attrtype><attwidth Sync="TRUE">10</attwidth><atprecis Sync="TRUE">10</atprecis><attscale Sync="TRUE">0</attscale><attrdef Sync="TRUE">Internal feature number.</attrdef><attrdefs Sync="TRUE">Esri</attrdefs><attrdomv><udom Sync="TRUE">Sequential unique whole numbers that are automatically generated.</udom></attrdomv></attr><attr><attrlabl Sync="TRUE">Shape</attrlabl><attalias Sync="TRUE">Shape</attalias><attrtype Sync="TRUE">Geometry</attrtype><attwidth Sync="TRUE">0</attwidth><atprecis Sync="TRUE">0</atprecis><attscale Sync="TRUE">0</attscale><attrdef Sync="TRUE">Feature geometry.</attrdef><attrdefs Sync="TRUE">ESRI</attrdefs><attrdomv><udom Sync="TRUE">Coordinates defining the features.</udom></attrdomv></attr><attr><attrlabl Sync="TRUE">DISTRICT</attrlabl><attalias Sync="TRUE">DISTRICT</attalias><attrtype Sync="TRUE">String</attrtype><attwidth Sync="TRUE">1</attwidth><atprecis Sync="TRUE">0</atprecis><attscale Sync="TRUE">0</attscale></attr><attr><attrlabl Sync="TRUE">NAME</attrlabl><attalias Sync="TRUE">NAME</attalias><attrtype Sync="TRUE">String</attrtype><attwidth Sync="TRUE">30</attwidth><atprecis Sync="TRUE">0</atprecis><attscale Sync="TRUE">0</attscale></attr><attr><attrlabl Sync="TRUE">SHAPE_AREA</attrlabl><attalias Sync="TRUE">SHAPE_AREA</attalias><attrtype Sync="TRUE">Double</attrtype><attwidth Sync="TRUE">19</attwidth><atprecis Sync="TRUE">0</atprecis><attscale Sync="TRUE">0</attscale><attrdef Sync="TRUE">Area of feature in internal units squared.</attrdef><attrdefs Sync="TRUE">Esri</attrdefs><attrdomv><udom Sync="TRUE">Positive real numbers that are automatically generated.</udom></attrdomv></attr><attr><attrlabl Sync="TRUE">SHAPE_LEN</attrlabl><attalias Sync="TRUE">SHAPE_LEN</attalias><attrtype Sync="TRUE">Double</attrtype><attwidth Sync="TRUE">19</attwidth><atprecis Sync="TRUE">0</atprecis><attscale Sync="TRUE">0</attscale></attr></detailed></eainfo><mdDateSt Sync="TRUE">20161116</mdDateSt></metadata>
